person_uri,name,gender,era,floruit_lower,floruit_upper,wikidata,dib,birth_places,death_places
https://kg.virtualtreasury.ie/person/Brodrick_Alan_c17/v16zd9q,Allen Brodrick,https://www.w3id.org/virtual-treasury/ontology#Male,https://www.w3id.org/virtual-treasury/vocabulary#Early-Modern-1500-1749,1623-07-28,1680-11-25,http://www.wikidata.org/entity/Q4731552,https://www.dib.ie/biography/Brodrick-Sir-Alan-Allen-a9186,,
https://kg.virtualtreasury.ie/person/Jones_Arthur_c17/v1q2gw9,Abraham Jones,https://www.w3id.org/virtual-treasury/ontology#Male,https://www.w3id.org/virtual-treasury/vocabulary#Early-Modern-1500-1749,1610-01-01,1670-01-07,,https://www.dib.ie/biography/Jones-Arthur-a4337-A,,
https://kg.virtualtreasury.ie/person/Capel_Arthur_c17/v1qc4v7,William Capell,https://www.w3id.org/virtual-treasury/ontology#Male,https://www.w3id.org/virtual-treasury/vocabulary#Early-Modern-1500-1749,1631-01-01,1683-07-13,http://www.wikidata.org/entity/Q2714210,https://www.dib.ie/biography/Capel-Arthur-a1454,,"England, London"
https://kg.virtualtreasury.ie/person/Chichester_Arthur_c17/v1m3hw8,Art Chichester,https://www.w3id.org/virtual-treasury/ontology#Male,https://www.w3id.org/virtual-treasury/vocabulary#Early-Modern-1500-1749,1606-06-16,1675-03-18,http://www.wikidata.org/entity/Q4798251,https://www.dib.ie/biography/Chichester-Arthur-a1643,,"Belfast, Northern Ireland"
https://kg.virtualtreasury.ie/person/Forbes_Arthur_c17/v1bz4w4,William Holgate,https://www.w3id.org/virtual-treasury/ontology#Male,https://www.w3id.org/virtual-treasury/vocabulary#Early-Modern-1500-1749,1623-01-01,1696-12-31,,https://www.dib.ie/biography/Forbes-Sir-Arthur-a3320,"Ireland, Longford","Ireland, Longford"
https://kg.virtualtreasury.ie/person/Forbes_Arthur_c17/v1bz4w4,Abraham Holgate,https://www.w3id.org/virtual-treasury/ontology#Male,https://www.w3id.org/virtual-treasury/vocabulary#Early-Modern-1500-1749,1623-01-01,1696-12-31,,https://www.dib.ie/biography/Forbes-Sir-Arthur-a3320,"Ireland, Longford","Ireland, Longford"
https://kg.virtualtreasury.ie/person/Jones_Arthur_c17/v1q2gw9,Art Jones,https://www.w3id.org/virtual-treasury/ontology#Male,https://www.w3id.org/virtual-treasury/vocabulary#Early-Modern-1500-1749,1610-01-01,1670-01-07,,https://www.dib.ie/biography/Jones-Arthur-a4337-A,,
https://kg.virtualtreasury.ie/person/Fitton_Alexander_c17/v1t63tz,Alexander Phitton,https://www.w3id.org/virtual-treasury/ontology#Male,https://www.w3id.org/virtual-treasury/vocabulary#Early-Modern-1500-1749,1635-01-01,1699-11-09,http://www.wikidata.org/entity/Q4718857,https://www.dib.ie/biography/Fitton-Sir-Alexander-a3114,,France
https://kg.virtualtreasury.ie/person/Capel_Arthur_c17/v1qc4v7,Art Capell,https://www.w3id.org/virtual-treasury/ontology#Male,https://www.w3id.org/virtual-treasury/vocabulary#Early-Modern-1500-1749,1631-01-01,1683-07-13,http://www.wikidata.org/entity/Q2714210,https://www.dib.ie/biography/Capel-Arthur-a1454,,"England, London"
https://kg.virtualtreasury.ie/person/Chichester_Arthur_c17/v1m3hw8,William Chichester,https://www.w3id.org/virtual-treasury/ontology#Male,https://www.w3id.org/virtual-treasury/vocabulary#Early-Modern-1500-1749,1606-06-16,1675-03-18,http://www.wikidata.org/entity/Q4798251,https://www.dib.ie/biography/Chichester-Arthur-a1643,,"Belfast, Northern Ireland"
https://kg.virtualtreasury.ie/person/Dopping_Anthony_c17/v152tzc,Niall Dopping,https://www.w3id.org/virtual-treasury/ontology#Male,https://www.w3id.org/virtual-treasury/vocabulary#Early-Modern-1500-1749,1643-03-26,1697-04-25,http://www.wikidata.org/entity/Q4772410,https://www.dib.ie/biography/Dopping-Anthony-a2714,,
https://kg.virtualtreasury.ie/person/Capel_Arthur_c17/v1qc4v7,Abraham Capell,https://www.w3id.org/virtual-treasury/ontology#Male,https://www.w3id.org/virtual-treasury/vocabulary#Early-Modern-1500-1749,1631-01-01,1683-07-13,http://www.wikidata.org/entity/Q2714210,https://www.dib.ie/biography/Capel-Arthur-a1454,,"England, London"
https://kg.virtualtreasury.ie/person/Annesley_Arthur_c17/v15gm6c,Art Annesley,https://www.w3id.org/virtual-treasury/ontology#Male,https://www.w3id.org/virtual-treasury/vocabulary#Early-Modern-1500-1749,1614-07-10,1686-04-06,http://www.wikidata.org/entity/Q708421,https://www.dib.ie/biography/Annesley-Arthur-a0176,"Dublin, Ireland","England, London"
https://kg.virtualtreasury.ie/person/Annesley_Arthur_c17/v15gm6c,Abraham Annesley,https://www.w3id.org/virtual-treasury/ontology#Male,https://www.w3id.org/virtual-treasury/vocabulary#Early-Modern-1500-1749,1614-07-10,1686-04-06,http://www.wikidata.org/entity/Q708421,https://www.dib.ie/biography/Annesley-Arthur-a0176,"Dublin, Ireland","England, London"
https://kg.virtualtreasury.ie/person/Chichester_Arthur_c17/v1m3hw8,Abraham Chichester,https://www.w3id.org/virtual-treasury/ontology#Male,https://www.w3id.org/virtual-treasury/vocabulary#Early-Modern-1500-1749,1606-06-16,1675-03-18,http://www.wikidata.org/entity/Q4798251,https://www.dib.ie/biography/Chichester-Arthur-a1643,,"Belfast, Northern Ireland"
https://kg.virtualtreasury.ie/person/MacDonnell_Alexander_c17/v1gfm14,Alexander MacDonnell,https://www.w3id.org/virtual-treasury/ontology#Male,https://www.w3id.org/virtual-treasury/vocabulary#Early-Modern-1500-1749,1615-01-01,1699-06-30,http://www.wikidata.org/entity/Q4719470,https://www.dib.ie/biography/MacDonnell-Alexander-a5176,,Wales
https://kg.virtualtreasury.ie/person/Annesley_Arthur_c17/v15gm6c,William Annesley,https://www.w3id.org/virtual-treasury/ontology#Male,https://www.w3id.org/virtual-treasury/vocabulary#Early-Modern-1500-1749,1614-07-10,1686-04-06,http://www.wikidata.org/entity/Q708421,https://www.dib.ie/biography/Annesley-Arthur-a0176,"Dublin, Ireland","England, London"
https://kg.virtualtreasury.ie/person/Forbes_Arthur_c17/v1bz4w4,Art Holgate,https://www.w3id.org/virtual-treasury/ontology#Male,https://www.w3id.org/virtual-treasury/vocabulary#Early-Modern-1500-1749,1623-01-01,1696-12-31,,https://www.dib.ie/biography/Forbes-Sir-Arthur-a3320,"Ireland, Longford","Ireland, Longford"
https://kg.virtualtreasury.ie/person/Murray_Adam_c18/v1df3h4,Adam Murray,https://www.w3id.org/virtual-treasury/ontology#Male,https://www.w3id.org/virtual-treasury/vocabulary#Early-Modern-1500-1749,1630-01-01,1706-02-28,http://www.wikidata.org/entity/Q18546091,https://www.dib.ie/biography/Murray-Adam-a6108,,
https://kg.virtualtreasury.ie/person/Jones_Arthur_c17/v1q2gw9,William Jones,https://www.w3id.org/virtual-treasury/ontology#Male,https://www.w3id.org/virtual-treasury/vocabulary#Early-Modern-1500-1749,1610-01-01,1670-01-07,,https://www.dib.ie/biography/Jones-Arthur-a4337-A,,
https://kg.virtualtreasury.ie/person/Fitton_Alexander_c17/v1t63tz,Alexander Fytton,https://www.w3id.org/virtual-treasury/ontology#Male,https://www.w3id.org/virtual-treasury/vocabulary#Early-Modern-1500-1749,1635-01-01,1699-11-09,http://www.wikidata.org/entity/Q4718857,https://www.dib.ie/biography/Fitton-Sir-Alexander-a3114,,France
https://kg.virtualtreasury.ie/person/Dopping_Anthony_c17/v152tzc,Antoine Dopping,https://www.w3id.org/virtual-treasury/ontology#Male,https://www.w3id.org/virtual-treasury/vocabulary#Early-Modern-1500-1749,1643-03-26,1697-04-25,http://www.wikidata.org/entity/Q4772410,https://www.dib.ie/biography/Dopping-Anthony-a2714,,
https://kg.virtualtreasury.ie/person/Coote_Charles_c18/v1kxg95,Edward Coote,https://www.w3id.org/virtual-treasury/ontology#Male,https://www.w3id.org/virtual-treasury/vocabulary#Early-Modern-1500-1749,1655-01-01,1709-05-29,http://www.wikidata.org/entity/Q75425087,https://www.dib.ie/biography/Coote-Charles-a2019,,
https://kg.virtualtreasury.ie/person/Coote_Charles_c18/v1kxg95,Cormac Coote,https://www.w3id.org/virtual-treasury/ontology#Male,https://www.w3id.org/virtual-treasury/vocabulary#Early-Modern-1500-1749,1655-01-01,1709-05-29,http://www.wikidata.org/entity/Q75425087,https://www.dib.ie/biography/Coote-Charles-a2019,,
https://kg.virtualtreasury.ie/person/Talbot_Charles_c18/v1fh1s1,Bainbridge Talbot,https://www.w3id.org/virtual-treasury/ontology#Male,https://www.w3id.org/virtual-treasury/vocabulary#Early-Modern-1500-1749,1660-07-24,1718-02-01,http://www.wikidata.org/entity/Q335817,https://www.dib.ie/biography/talbot-charles-1660-1718-15th-earl-and-1st-duke-shrewsbury-a8445,,England
https://kg.virtualtreasury.ie/person/Talbot_Charles_c18/v1fh1s1,Cormac Talbot,https://www.w3id.org/virtual-treasury/ontology#Male,https://www.w3id.org/virtual-treasury/vocabulary#Early-Modern-1500-1749,1660-07-24,1718-02-01,http://www.wikidata.org/entity/Q335817,https://www.dib.ie/biography/talbot-charles-1660-1718-15th-earl-and-1st-duke-shrewsbury-a8445,,England
https://kg.virtualtreasury.ie/person/Mervyn_Audley_c17/v1dz2c8,Audley Mervyn,https://www.w3id.org/virtual-treasury/ontology#Male,https://www.w3id.org/virtual-treasury/vocabulary#Early-Modern-1500-1749,1603-01-01,1675-10-24,http://www.wikidata.org/entity/Q4820056,https://www.dib.ie/biography/Mervyn-Sir-Audley-a5803,,Ireland
https://kg.virtualtreasury.ie/person/Paulet_Charles_c18/v193pgy,Bainbridge Powlett,https://www.w3id.org/virtual-treasury/ontology#Male,https://www.w3id.org/virtual-treasury/vocabulary#Early-Modern-1500-1749,1661-01-01,1722-01-21,http://www.wikidata.org/entity/Q972705,https://www.dib.ie/biography/Paulet-Powlett-Charles-a7239,,"England, London"
https://kg.virtualtreasury.ie/person/Arthur_Daniel_c18/v1fnv95,Dominic Arthur,https://www.w3id.org/virtual-treasury/ontology#Male,https://www.w3id.org/virtual-treasury/vocabulary#Early-Modern-1500-1749,1620-01-01,1705-09-23,http://www.wikidata.org/entity/Q19325334,https://www.dib.ie/biography/Arthur-Sir-Daniel-a0230,Ireland,
https://kg.virtualtreasury.ie/person/Magennis_Arthur_c17/v1c7b4m,Abraham Magennis,https://www.w3id.org/virtual-treasury/ontology#Male,https://www.w3id.org/virtual-treasury/vocabulary#Early-Modern-1500-1749,1623-01-01,1684-12-31,http://www.wikidata.org/entity/Q18922070,https://www.dib.ie/biography/Magennis-Arthur-a9276,,
https://kg.virtualtreasury.ie/person/MacCarthy_Callaghan_c17/v1td38r,Callaghan McCarthy,https://www.w3id.org/virtual-treasury/ontology#Male,https://www.w3id.org/virtual-treasury/vocabulary#Early-Modern-1500-1749,1635-01-01,1676-12-31,,https://www.dib.ie/biography/MacCarthy-Callaghan-a5121,Ireland,"Dublin, Ireland"
https://kg.virtualtreasury.ie/person/MacCarthy_Callaghan_c17/v1td38r,Callaghan Mac Carthaigh,https://www.w3id.org/virtual-treasury/ontology#Male,https://www.w3id.org/virtual-treasury/vocabulary#Early-Modern-1500-1749,1635-01-01,1676-12-31,,https://www.dib.ie/biography/MacCarthy-Callaghan-a5121,Ireland,"Dublin, Ireland"
https://kg.virtualtreasury.ie/person/Molloy_Charles_c17/v149jhn,Bainbridge Mulloy,https://www.w3id.org/virtual-treasury/ontology#Male,https://www.w3id.org/virtual-treasury/vocabulary#Early-Modern-1500-1749,1646-01-01,1690-12-31,,https://www.dib.ie/biography/Molloy-Mulloy-Charles-a5863,Ireland,"England, London"
https://kg.virtualtreasury.ie/person/Paulet_Charles_c18/v193pgy,Edward Powlett,https://www.w3id.org/virtual-treasury/ontology#Male,https://www.w3id.org/virtual-treasury/vocabulary#Early-Modern-1500-1749,1661-01-01,1722-01-21,http://www.wikidata.org/entity/Q972705,https://www.dib.ie/biography/Paulet-Powlett-Charles-a7239,,"England, London"
https://kg.virtualtreasury.ie/person/Coote_Charles_c18/v1kxg95,Bainbridge Coote,https://www.w3id.org/virtual-treasury/ontology#Male,https://www.w3id.org/virtual-treasury/vocabulary#Early-Modern-1500-1749,1655-01-01,1709-05-29,http://www.wikidata.org/entity/Q75425087,https://www.dib.ie/biography/Coote-Charles-a2019,,
https://kg.virtualtreasury.ie/person/Arthur_Daniel_c18/v1fnv95,Domhnall Arthur,https://www.w3id.org/virtual-treasury/ontology#Male,https://www.w3id.org/virtual-treasury/vocabulary#Early-Modern-1500-1749,1620-01-01,1705-09-23,http://www.wikidata.org/entity/Q19325334,https://www.dib.ie/biography/Arthur-Sir-Daniel-a0230,Ireland,
https://kg.virtualtreasury.ie/person/Magennis_Arthur_c17/v1c7b4m,William Magennis,https://www.w3id.org/virtual-treasury/ontology#Male,https://www.w3id.org/virtual-treasury/vocabulary#Early-Modern-1500-1749,1623-01-01,1684-12-31,http://www.wikidata.org/entity/Q18922070,https://www.dib.ie/biography/Magennis-Arthur-a9276,,
https://kg.virtualtreasury.ie/person/Porter_Charles_c17/v17n1gs,Bainbridge Porter,https://www.w3id.org/virtual-treasury/ontology#Male,https://www.w3id.org/virtual-treasury/vocabulary#Early-Modern-1500-1749,1640-01-01,1696-12-08,http://www.wikidata.org/entity/Q3666580,https://www.dib.ie/biography/Porter-Sir-Charles-a7427,England,"Dublin, Ireland"
https://kg.virtualtreasury.ie/person/Molloy_Charles_c17/v149jhn,Edward Mulloy,https://www.w3id.org/virtual-treasury/ontology#Male,https://www.w3id.org/virtual-treasury/vocabulary#Early-Modern-1500-1749,1646-01-01,1690-12-31,,https://www.dib.ie/biography/Molloy-Mulloy-Charles-a5863,Ireland,"England, London"
https://kg.virtualtreasury.ie/person/Talbot_Charles_c18/v1fh1s1,Edward Talbot,https://www.w3id.org/virtual-treasury/ontology#Male,https://www.w3id.org/virtual-treasury/vocabulary#Early-Modern-1500-1749,1660-07-24,1718-02-01,http://www.wikidata.org/entity/Q335817,https://www.dib.ie/biography/talbot-charles-1660-1718-15th-earl-and-1st-duke-shrewsbury-a8445,,England
https://kg.virtualtreasury.ie/person/Porter_Charles_c17/v17n1gs,Cormac Porter,https://www.w3id.org/virtual-treasury/ontology#Male,https://www.w3id.org/virtual-treasury/vocabulary#Early-Modern-1500-1749,1640-01-01,1696-12-08,http://www.wikidata.org/entity/Q3666580,https://www.dib.ie/biography/Porter-Sir-Charles-a7427,England,"Dublin, Ireland"
https://kg.virtualtreasury.ie/person/Arthur_Daniel_c18/v1fnv95,Domingos Arthur,https://www.w3id.org/virtual-treasury/ontology#Male,https://www.w3id.org/virtual-treasury/vocabulary#Early-Modern-1500-1749,1620-01-01,1705-09-23,http://www.wikidata.org/entity/Q19325334,https://www.dib.ie/biography/Arthur-Sir-Daniel-a0230,Ireland,
https://kg.virtualtreasury.ie/person/Wyche_Cyril_c18/v1vm3k4,Cyril Wyche,https://www.w3id.org/virtual-treasury/ontology#Male,https://www.w3id.org/virtual-treasury/vocabulary#Early-Modern-1500-1749,1632-01-01,1707-12-29,http://www.wikidata.org/entity/Q5200933,https://www.dib.ie/biography/Wyche-Sir-Cyril-a9141,"Constantinople, Turkey","England, Norfolk"
https://kg.virtualtreasury.ie/person/Porter_Charles_c17/v17n1gs,Edward Porter,https://www.w3id.org/virtual-treasury/ontology#Male,https://www.w3id.org/virtual-treasury/vocabulary#Early-Modern-1500-1749,1640-01-01,1696-12-08,http://www.wikidata.org/entity/Q3666580,https://www.dib.ie/biography/Porter-Sir-Charles-a7427,England,"Dublin, Ireland"
https://kg.virtualtreasury.ie/person/Magennis_Arthur_c17/v1c7b4m,Art Magennis,https://www.w3id.org/virtual-treasury/ontology#Male,https://www.w3id.org/virtual-treasury/vocabulary#Early-Modern-1500-1749,1623-01-01,1684-12-31,http://www.wikidata.org/entity/Q18922070,https://www.dib.ie/biography/Magennis-Arthur-a9276,,
https://kg.virtualtreasury.ie/person/MacCarthy_Callaghan_c17/v1td38r,Callaghan Mac Carthaig,https://www.w3id.org/virtual-treasury/ontology#Male,https://www.w3id.org/virtual-treasury/vocabulary#Early-Modern-1500-1749,1635-01-01,1676-12-31,,https://www.dib.ie/biography/MacCarthy-Callaghan-a5121,Ireland,"Dublin, Ireland"
https://kg.virtualtreasury.ie/person/Paulet_Charles_c18/v193pgy,Cormac Powlett,https://www.w3id.org/virtual-treasury/ontology#Male,https://www.w3id.org/virtual-treasury/vocabulary#Early-Modern-1500-1749,1661-01-01,1722-01-21,http://www.wikidata.org/entity/Q972705,https://www.dib.ie/biography/Paulet-Powlett-Charles-a7239,,"England, London"
https://kg.virtualtreasury.ie/person/Molloy_Charles_c17/v149jhn,Cormac Mulloy,https://www.w3id.org/virtual-treasury/ontology#Male,https://www.w3id.org/virtual-treasury/vocabulary#Early-Modern-1500-1749,1646-01-01,1690-12-31,,https://www.dib.ie/biography/Molloy-Mulloy-Charles-a5863,Ireland,"England, London"
https://kg.virtualtreasury.ie/person/Costello_Dudley_c17/v125tnw,Dudley Blondini,https://www.w3id.org/virtual-treasury/ontology#Male,https://www.w3id.org/virtual-treasury/vocabulary#Early-Modern-1500-1749,1600-01-01,1667-03-03,http://www.wikidata.org/entity/Q5310721,https://www.dib.ie/biography/Costello-Dudley-a2078,"Ireland, Mayo","Ireland, Mayo"
https://kg.virtualtreasury.ie/person/Ludlow_Edmund_c17/v12d6sy,Edmond Ludlow,https://www.w3id.org/virtual-treasury/ontology#Male,https://www.w3id.org/virtual-treasury/vocabulary#Early-Modern-1500-1749,1616-01-01,1692-11-30,http://www.wikidata.org/entity/Q5339650,https://www.dib.ie/biography/Ludlow-Edmund-a4913,,"Switzerland, Vevey"
https://kg.virtualtreasury.ie/person/ONeill_Daniel_c17/v15f5pv,Domingos Wrixon-,https://www.w3id.org/virtual-treasury/ontology#Male,https://www.w3id.org/virtual-treasury/vocabulary#Early-Modern-1500-1749,1612-01-01,1664-10-24,http://www.wikidata.org/entity/Q5218309,https://www.dib.ie/biography/ONeill-Daniel-a6919,,
https://kg.virtualtreasury.ie/person/OBrien_Daniel_c17/v189vfg,Domingos Arnold,https://www.w3id.org/virtual-treasury/ontology#Male,https://www.w3id.org/virtual-treasury/vocabulary#Early-Modern-1500-1749,1577-01-01,1666-12-31,http://www.wikidata.org/entity/Q5218286,https://www.dib.ie/biography/OBrien-Sir-Daniel-a6457,,
https://kg.virtualtreasury.ie/person/ONeill_Daniel_c17/v15f5pv,Dominic Becher,https://www.w3id.org/virtual-treasury/ontology#Male,https://www.w3id.org/virtual-treasury/vocabulary#Early-Modern-1500-1749,1612-01-01,1664-10-24,http://www.wikidata.org/entity/Q5218309,https://www.dib.ie/biography/ONeill-Daniel-a6919,,
https://kg.virtualtreasury.ie/person/Bellingham_Daniel_c17/v189jxs,Dominic Bellingham,https://www.w3id.org/virtual-treasury/ontology#Male,https://www.w3id.org/virtual-treasury/vocabulary#Early-Modern-1500-1749,1620-01-01,1672-12-31,http://www.wikidata.org/entity/Q75433125,https://www.dib.ie/biography/Bellingham-Sir-Daniel-a0563,,
https://kg.virtualtreasury.ie/person/Muschamp_Denny_c17/v196fkk,Denny Muschamp,https://www.w3id.org/virtual-treasury/ontology#Male,https://www.w3id.org/virtual-treasury/vocabulary#Early-Modern-1500-1749,1637-01-01,1699-12-20,http://www.wikidata.org/entity/Q75677686,https://www.dib.ie/biography/Muschamp-Denny-a6119,,
https://kg.virtualtreasury.ie/person/Conway_Edward_c17/v1cg59v,Eamonn Conway,https://www.w3id.org/virtual-treasury/ontology#Male,https://www.w3id.org/virtual-treasury/vocabulary#Early-Modern-1500-1749,1623-01-01,1683-08-11,http://www.wikidata.org/entity/Q5342394,https://www.dib.ie/biography/Conway-Edward-a1981,,England
https://kg.virtualtreasury.ie/person/ONeill_Daniel_c17/v15f5pv,Domhnall Becher,https://www.w3id.org/virtual-treasury/ontology#Male,https://www.w3id.org/virtual-treasury/vocabulary#Early-Modern-1500-1749,1612-01-01,1664-10-24,http://www.wikidata.org/entity/Q5218309,https://www.dib.ie/biography/ONeill-Daniel-a6919,,
https://kg.virtualtreasury.ie/person/Conway_Edward_c17/v1cg59v,James Conway,https://www.w3id.org/virtual-treasury/ontology#Male,https://www.w3id.org/virtual-treasury/vocabulary#Early-Modern-1500-1749,1623-01-01,1683-08-11,http://www.wikidata.org/entity/Q5342394,https://www.dib.ie/biography/Conway-Edward-a1981,,England
https://kg.virtualtreasury.ie/person/ONeill_Daniel_c17/v15f5pv,Domhnall Ó Néill,https://www.w3id.org/virtual-treasury/ontology#Male,https://www.w3id.org/virtual-treasury/vocabulary#Early-Modern-1500-1749,1612-01-01,1664-10-24,http://www.wikidata.org/entity/Q5218309,https://www.dib.ie/biography/ONeill-Daniel-a6919,,
https://kg.virtualtreasury.ie/person/Ludlow_Edmund_c17/v12d6sy,Edward Ludlow,https://www.w3id.org/virtual-treasury/ontology#Male,https://www.w3id.org/virtual-treasury/vocabulary#Early-Modern-1500-1749,1616-01-01,1692-11-30,http://www.wikidata.org/entity/Q5339650,https://www.dib.ie/biography/Ludlow-Edmund-a4913,,"Switzerland, Vevey"
https://kg.virtualtreasury.ie/person/ONeill_Daniel_c17/v15f5pv,Dominic Ó Néill,https://www.w3id.org/virtual-treasury/ontology#Male,https://www.w3id.org/virtual-treasury/vocabulary#Early-Modern-1500-1749,1612-01-01,1664-10-24,http://www.wikidata.org/entity/Q5218309,https://www.dib.ie/biography/ONeill-Daniel-a6919,,
https://kg.virtualtreasury.ie/person/Bellingham_Daniel_c17/v189jxs,Domhnall Bellingham,https://www.w3id.org/virtual-treasury/ontology#Male,https://www.w3id.org/virtual-treasury/vocabulary#Early-Modern-1500-1749,1620-01-01,1672-12-31,http://www.wikidata.org/entity/Q75433125,https://www.dib.ie/biography/Bellingham-Sir-Daniel-a0563,,
https://kg.virtualtreasury.ie/person/Maguire_Dominic_c18/v13fp1y,Domingo Mág Uidir,https://www.w3id.org/virtual-treasury/ontology#Male,https://www.w3id.org/virtual-treasury/vocabulary#Early-Modern-1500-1749,1620-01-01,1707-09-21,http://www.wikidata.org/entity/Q5290588,https://www.dib.ie/biography/Maguire-Dominic-a5357,,
https://kg.virtualtreasury.ie/person/OBrien_Daniel_c17/v189vfg,Domingos Forster,https://www.w3id.org/virtual-treasury/ontology#Male,https://www.w3id.org/virtual-treasury/vocabulary#Early-Modern-1500-1749,1577-01-01,1666-12-31,http://www.wikidata.org/entity/Q5218286,https://www.dib.ie/biography/OBrien-Sir-Daniel-a6457,,
https://kg.virtualtreasury.ie/person/OBrien_Daniel_c17/v189vfg,Dominic Ó Briain,https://www.w3id.org/virtual-treasury/ontology#Male,https://www.w3id.org/virtual-treasury/vocabulary#Early-Modern-1500-1749,1577-01-01,1666-12-31,http://www.wikidata.org/entity/Q5218286,https://www.dib.ie/biography/OBrien-Sir-Daniel-a6457,,
https://kg.virtualtreasury.ie/person/OBrien_Daniel_c17/v189vfg,Dominic Arnold,https://www.w3id.org/virtual-treasury/ontology#Male,https://www.w3id.org/virtual-treasury/vocabulary#Early-Modern-1500-1749,1577-01-01,1666-12-31,http://www.wikidata.org/entity/Q5218286,https://www.dib.ie/biography/OBrien-Sir-Daniel-a6457,,
https://kg.virtualtreasury.ie/person/MacCarthy_Donough_c17/v1v34zv,Donchadh Mac Carthaigh,https://www.w3id.org/virtual-treasury/ontology#Male,https://www.w3id.org/virtual-treasury/vocabulary#Early-Modern-1500-1749,1594-01-01,1665-08-31,http://www.wikidata.org/entity/Q3035972,https://www.dib.ie/biography/MacCarthy-Donough-a5129,,"England, London"
https://kg.virtualtreasury.ie/person/OBrien_Daniel_c17/v189vfg,Domhnall Ó Briain,https://www.w3id.org/virtual-treasury/ontology#Male,https://www.w3id.org/virtual-treasury/vocabulary#Early-Modern-1500-1749,1577-01-01,1666-12-31,http://www.wikidata.org/entity/Q5218286,https://www.dib.ie/biography/OBrien-Sir-Daniel-a6457,,
https://kg.virtualtreasury.ie/person/Ludlow_Edmund_c17/v12d6sy,Simon of the Holy Spirit Ludlow,https://www.w3id.org/virtual-treasury/ontology#Male,https://www.w3id.org/virtual-treasury/vocabulary#Early-Modern-1500-1749,1616-01-01,1692-11-30,http://www.wikidata.org/entity/Q5339650,https://www.dib.ie/biography/Ludlow-Edmund-a4913,,"Switzerland, Vevey"
https://kg.virtualtreasury.ie/person/ONeill_Daniel_c17/v15f5pv,Domhnall Wrixon-,https://www.w3id.org/virtual-treasury/ontology#Male,https://www.w3id.org/virtual-treasury/vocabulary#Early-Modern-1500-1749,1612-01-01,1664-10-24,http://www.wikidata.org/entity/Q5218309,https://www.dib.ie/biography/ONeill-Daniel-a6919,,
https://kg.virtualtreasury.ie/person/OBrien_Daniel_c17/v189vfg,Dominic Forster,https://www.w3id.org/virtual-treasury/ontology#Male,https://www.w3id.org/virtual-treasury/vocabulary#Early-Modern-1500-1749,1577-01-01,1666-12-31,http://www.wikidata.org/entity/Q5218286,https://www.dib.ie/biography/OBrien-Sir-Daniel-a6457,,
https://kg.virtualtreasury.ie/person/Bagenal_Dudley_c18/v1v49wp,Dudley Bagnal(l),https://www.w3id.org/virtual-treasury/ontology#Male,https://www.w3id.org/virtual-treasury/vocabulary#Early-Modern-1500-1749,1645-01-01,1712-07-27,http://www.wikidata.org/entity/Q75641148,https://www.dib.ie/biography/Bagenal-Dudley-a0303,,"Belgium, Bruges"
https://kg.virtualtreasury.ie/person/OBrien_Daniel_c17/v189vfg,Domhnall Forster,https://www.w3id.org/virtual-treasury/ontology#Male,https://www.w3id.org/virtual-treasury/vocabulary#Early-Modern-1500-1749,1577-01-01,1666-12-31,http://www.wikidata.org/entity/Q5218286,https://www.dib.ie/biography/OBrien-Sir-Daniel-a6457,,
https://kg.virtualtreasury.ie/person/Bellingham_Daniel_c17/v189jxs,Domingos Bellingham,https://www.w3id.org/virtual-treasury/ontology#Male,https://www.w3id.org/virtual-treasury/vocabulary#Early-Modern-1500-1749,1620-01-01,1672-12-31,http://www.wikidata.org/entity/Q75433125,https://www.dib.ie/biography/Bellingham-Sir-Daniel-a0563,,
https://kg.virtualtreasury.ie/person/ONeill_Daniel_c17/v15f5pv,Dominic Wrixon-,https://www.w3id.org/virtual-treasury/ontology#Male,https://www.w3id.org/virtual-treasury/vocabulary#Early-Modern-1500-1749,1612-01-01,1664-10-24,http://www.wikidata.org/entity/Q5218309,https://www.dib.ie/biography/ONeill-Daniel-a6919,,
https://kg.virtualtreasury.ie/person/Conway_Edward_c17/v1cg59v,Eamon Conway,https://www.w3id.org/virtual-treasury/ontology#Male,https://www.w3id.org/virtual-treasury/vocabulary#Early-Modern-1500-1749,1623-01-01,1683-08-11,http://www.wikidata.org/entity/Q5342394,https://www.dib.ie/biography/Conway-Edward-a1981,,England
https://kg.virtualtreasury.ie/person/MacCarthy_Donough_c17/v1v34zv,Donchadh McCarthy,https://www.w3id.org/virtual-treasury/ontology#Male,https://www.w3id.org/virtual-treasury/vocabulary#Early-Modern-1500-1749,1594-01-01,1665-08-31,http://www.wikidata.org/entity/Q3035972,https://www.dib.ie/biography/MacCarthy-Donough-a5129,,"England, London"
https://kg.virtualtreasury.ie/person/ONeill_Daniel_c17/v15f5pv,Domingos Becher,https://www.w3id.org/virtual-treasury/ontology#Male,https://www.w3id.org/virtual-treasury/vocabulary#Early-Modern-1500-1749,1612-01-01,1664-10-24,http://www.wikidata.org/entity/Q5218309,https://www.dib.ie/biography/ONeill-Daniel-a6919,,
https://kg.virtualtreasury.ie/person/ONeill_Daniel_c17/v15f5pv,Domingos Ó Néill,https://www.w3id.org/virtual-treasury/ontology#Male,https://www.w3id.org/virtual-treasury/vocabulary#Early-Modern-1500-1749,1612-01-01,1664-10-24,http://www.wikidata.org/entity/Q5218309,https://www.dib.ie/biography/ONeill-Daniel-a6919,,
https://kg.virtualtreasury.ie/person/Maguire_Dominic_c18/v13fp1y,Domingo Mág Uidhir,https://www.w3id.org/virtual-treasury/ontology#Male,https://www.w3id.org/virtual-treasury/vocabulary#Early-Modern-1500-1749,1620-01-01,1707-09-21,http://www.wikidata.org/entity/Q5290588,https://www.dib.ie/biography/Maguire-Dominic-a5357,,
https://kg.virtualtreasury.ie/person/MacCarthy_Donough_c17/v1v34zv,Donchadh Mac Carthaig,https://www.w3id.org/virtual-treasury/ontology#Male,https://www.w3id.org/virtual-treasury/vocabulary#Early-Modern-1500-1749,1594-01-01,1665-08-31,http://www.wikidata.org/entity/Q3035972,https://www.dib.ie/biography/MacCarthy-Donough-a5129,,"England, London"
https://kg.virtualtreasury.ie/person/OBrien_Daniel_c17/v189vfg,Domingos Ó Briain,https://www.w3id.org/virtual-treasury/ontology#Male,https://www.w3id.org/virtual-treasury/vocabulary#Early-Modern-1500-1749,1577-01-01,1666-12-31,http://www.wikidata.org/entity/Q5218286,https://www.dib.ie/biography/OBrien-Sir-Daniel-a6457,,
https://kg.virtualtreasury.ie/person/OBrien_Daniel_c17/v189vfg,Domhnall Arnold,https://www.w3id.org/virtual-treasury/ontology#Male,https://www.w3id.org/virtual-treasury/vocabulary#Early-Modern-1500-1749,1577-01-01,1666-12-31,http://www.wikidata.org/entity/Q5218286,https://www.dib.ie/biography/OBrien-Sir-Daniel-a6457,,
https://kg.virtualtreasury.ie/person/Smith_Erasmus_c17/v1pfj46,Erasmus Smith,https://www.w3id.org/virtual-treasury/ontology#Male,https://www.w3id.org/virtual-treasury/vocabulary#Early-Modern-1500-1749,1611-01-01,1691-12-31,http://www.wikidata.org/entity/Q5384975,https://www.dib.ie/biography/Smith-Erasmus-a8139,England,
https://kg.virtualtreasury.ie/person/Butler_Elizabeth_c17/v1z89hn,Mary Thompson,https://www.w3id.org/virtual-treasury/ontology#Female,https://www.w3id.org/virtual-treasury/vocabulary#Early-Modern-1500-1749,1615-01-01,1684-07-21,http://www.wikidata.org/entity/Q18759265,https://www.dib.ie/biography/Butler-Elizabeth-a1245,,"England, London"
https://kg.virtualtreasury.ie/person/Butler_Elizabeth_c17/v1z89hn,Eucharia Botiller,https://www.w3id.org/virtual-treasury/ontology#Female,https://www.w3id.org/virtual-treasury/vocabulary#Early-Modern-1500-1749,1615-01-01,1684-07-21,http://www.wikidata.org/entity/Q18759265,https://www.dib.ie/biography/Butler-Elizabeth-a1245,,"England, London"
https://kg.virtualtreasury.ie/person/Fitzharris_Edward_c17/v11xhf4,Eamonn Fitzharris,https://www.w3id.org/virtual-treasury/ontology#Male,https://www.w3id.org/virtual-treasury/vocabulary#Early-Modern-1500-1749,1648-01-01,1681-07-01,http://www.wikidata.org/entity/Q5342927,https://www.dib.ie/biography/Fitzharris-Edward-a3216,Ireland,"England, Tyburn"
https://kg.virtualtreasury.ie/person/Aungier_Francis_c17/v1mj22h,Walter Aungier,https://www.w3id.org/virtual-treasury/ontology#Male,https://www.w3id.org/virtual-treasury/vocabulary#Early-Modern-1500-1749,1632-01-01,1700-12-22,http://www.wikidata.org/entity/Q16859371,https://www.dib.ie/biography/Aungier-Francis-a0276,Ireland,
https://kg.virtualtreasury.ie/person/Lhuyd_Edward_c18/v1w2dr2,James Lhwyd,https://www.w3id.org/virtual-treasury/ontology#Male,https://www.w3id.org/virtual-treasury/vocabulary#Early-Modern-1500-1749,1660-01-01,1709-06-30,,https://www.dib.ie/biography/Lhuyd-Lhwyd-Lloyd-Edward-a4832,Wales,
https://kg.virtualtreasury.ie/person/Lhuyd_Edward_c18/v1w2dr2,Eamon Lloyd,https://www.w3id.org/virtual-treasury/ontology#Male,https://www.w3id.org/virtual-treasury/vocabulary#Early-Modern-1500-1749,1660-01-01,1709-06-30,,https://www.dib.ie/biography/Lhuyd-Lhwyd-Lloyd-Edward-a4832,Wales,
https://kg.virtualtreasury.ie/person/Lhuyd_Edward_c18/v1w2dr2,Eamon Lhwyd,https://www.w3id.org/virtual-treasury/ontology#Male,https://www.w3id.org/virtual-treasury/vocabulary#Early-Modern-1500-1749,1660-01-01,1709-06-30,,https://www.dib.ie/biography/Lhuyd-Lhwyd-Lloyd-Edward-a4832,Wales,
https://kg.virtualtreasury.ie/person/Fortescue_Faithful_c17/v1g97ms,Faithful Fortescue,https://www.w3id.org/virtual-treasury/ontology#Male,https://www.w3id.org/virtual-treasury/vocabulary#Early-Modern-1500-1749,1580-01-01,1666-05-31,http://www.wikidata.org/entity/Q5431285,https://www.dib.ie/biography/Fortescue-Sir-Faithful-a3336,,England
https://kg.virtualtreasury.ie/person/Butler_Elizabeth_c17/v1z89hn,Mary Walter,https://www.w3id.org/virtual-treasury/ontology#Female,https://www.w3id.org/virtual-treasury/vocabulary#Early-Modern-1500-1749,1615-01-01,1684-07-21,http://www.wikidata.org/entity/Q18759265,https://www.dib.ie/biography/Butler-Elizabeth-a1245,,"England, London"
https://kg.virtualtreasury.ie/person/Butler_Elizabeth_c17/v1z89hn,Eliza Botiller,https://www.w3id.org/virtual-treasury/ontology#Female,https://www.w3id.org/virtual-treasury/vocabulary#Early-Modern-1500-1749,1615-01-01,1684-07-21,http://www.wikidata.org/entity/Q18759265,https://www.dib.ie/biography/Butler-Elizabeth-a1245,,"England, London"
https://kg.virtualtreasury.ie/person/Butler_Elizabeth_c17/v1z89hn,Mary fitz Walter,https://www.w3id.org/virtual-treasury/ontology#Female,https://www.w3id.org/virtual-treasury/vocabulary#Early-Modern-1500-1749,1615-01-01,1684-07-21,http://www.wikidata.org/entity/Q18759265,https://www.dib.ie/biography/Butler-Elizabeth-a1245,,"England, London"
https://kg.virtualtreasury.ie/person/Dering_Edward_c17/v13mnz9,James Dering,https://www.w3id.org/virtual-treasury/ontology#Male,https://www.w3id.org/virtual-treasury/vocabulary#Early-Modern-1500-1749,1625-11-12,1684-06-24,http://www.wikidata.org/entity/Q7526546,https://www.dib.ie/biography/Dering-Sir-Edward-a2533,"England, Kent","England, London"
https://kg.virtualtreasury.ie/person/Butler_Elizabeth_c17/v1z89hn,Eliza Thompson,https://www.w3id.org/virtual-treasury/ontology#Female,https://www.w3id.org/virtual-treasury/vocabulary#Early-Modern-1500-1749,1615-01-01,1684-07-21,http://www.wikidata.org/entity/Q18759265,https://www.dib.ie/biography/Butler-Elizabeth-a1245,,"England, London"
https://kg.virtualtreasury.ie/person/Butler_Elizabeth_c17/v1z89hn,Eucharia le Botiller,https://www.w3id.org/virtual-treasury/ontology#Female,https://www.w3id.org/virtual-treasury/vocabulary#Early-Modern-1500-1749,1615-01-01,1684-07-21,http://www.wikidata.org/entity/Q18759265,https://www.dib.ie/biography/Butler-Elizabeth-a1245,,"England, London"
https://kg.virtualtreasury.ie/person/Fitzharris_Edward_c17/v11xhf4,Eamon Fitzharris,https://www.w3id.org/virtual-treasury/ontology#Male,https://www.w3id.org/virtual-treasury/vocabulary#Early-Modern-1500-1749,1648-01-01,1681-07-01,http://www.wikidata.org/entity/Q5342927,https://www.dib.ie/biography/Fitzharris-Edward-a3216,Ireland,"England, Tyburn"
https://kg.virtualtreasury.ie/person/Butler_Elizabeth_c17/v1z89hn,Mary le Botiller,https://www.w3id.org/virtual-treasury/ontology#Female,https://www.w3id.org/virtual-treasury/vocabulary#Early-Modern-1500-1749,1615-01-01,1684-07-21,http://www.wikidata.org/entity/Q18759265,https://www.dib.ie/biography/Butler-Elizabeth-a1245,,"England, London"
https://kg.virtualtreasury.ie/person/Butler_Elizabeth_c17/v1z89hn,Mary Ormond,https://www.w3id.org/virtual-treasury/ontology#Female,https://www.w3id.org/virtual-treasury/vocabulary#Early-Modern-1500-1749,1615-01-01,1684-07-21,http://www.wikidata.org/entity/Q18759265,https://www.dib.ie/biography/Butler-Elizabeth-a1245,,"England, London"
https://kg.virtualtreasury.ie/person/Hinton_Edward_c18/v19k2dc,Eamonn Hinton,https://www.w3id.org/virtual-treasury/ontology#Male,https://www.w3id.org/virtual-treasury/vocabulary#Early-Modern-1500-1749,1643-01-01,1702-12-31,,https://www.dib.ie/biography/Hinton-Edward-a4027,England,
https://kg.virtualtreasury.ie/person/Fitzharris_Edward_c17/v11xhf4,James Fitzharris,https://www.w3id.org/virtual-treasury/ontology#Male,https://www.w3id.org/virtual-treasury/vocabulary#Early-Modern-1500-1749,1648-01-01,1681-07-01,http://www.wikidata.org/entity/Q5342927,https://www.dib.ie/biography/Fitzharris-Edward-a3216,Ireland,"England, Tyburn"
https://kg.virtualtreasury.ie/person/Hinton_Edward_c18/v19k2dc,Eamon Hinton,https://www.w3id.org/virtual-treasury/ontology#Male,https://www.w3id.org/virtual-treasury/vocabulary#Early-Modern-1500-1749,1643-01-01,1702-12-31,,https://www.dib.ie/biography/Hinton-Edward-a4027,England,
https://kg.virtualtreasury.ie/person/Butler_Elizabeth_c17/v1z89hn,Eliza le Botiller,https://www.w3id.org/virtual-treasury/ontology#Female,https://www.w3id.org/virtual-treasury/vocabulary#Early-Modern-1500-1749,1615-01-01,1684-07-21,http://www.wikidata.org/entity/Q18759265,https://www.dib.ie/biography/Butler-Elizabeth-a1245,,"England, London"
https://kg.virtualtreasury.ie/person/Butler_Elizabeth_c17/v1z89hn,Eucharia Pincerna,https://www.w3id.org/virtual-treasury/ontology#Female,https://www.w3id.org/virtual-treasury/vocabulary#Early-Modern-1500-1749,1615-01-01,1684-07-21,http://www.wikidata.org/entity/Q18759265,https://www.dib.ie/biography/Butler-Elizabeth-a1245,,"England, London"
https://kg.virtualtreasury.ie/person/Butler_Elizabeth_c17/v1z89hn,Eucharia Thompson,https://www.w3id.org/virtual-treasury/ontology#Female,https://www.w3id.org/virtual-treasury/vocabulary#Early-Modern-1500-1749,1615-01-01,1684-07-21,http://www.wikidata.org/entity/Q18759265,https://www.dib.ie/biography/Butler-Elizabeth-a1245,,"England, London"
https://kg.virtualtreasury.ie/person/Butler_Elizabeth_c17/v1z89hn,Mary Botiller,https://www.w3id.org/virtual-treasury/ontology#Female,https://www.w3id.org/virtual-treasury/vocabulary#Early-Modern-1500-1749,1615-01-01,1684-07-21,http://www.wikidata.org/entity/Q18759265,https://www.dib.ie/biography/Butler-Elizabeth-a1245,,"England, London"
https://kg.virtualtreasury.ie/person/Tyrrell_Edward_c18/v1zz8d9,Eamon Tyrrell,https://www.w3id.org/virtual-treasury/ontology#Male,https://www.w3id.org/virtual-treasury/vocabulary#Early-Modern-1500-1749,1650-01-01,1713-05-31,http://www.wikidata.org/entity/Q5345678,https://www.dib.ie/biography/Tyrrell-Edward-a8697,Ireland,
https://kg.virtualtreasury.ie/person/Butler_Elizabeth_c17/v1z89hn,Eucharia Ormond,https://www.w3id.org/virtual-treasury/ontology#Female,https://www.w3id.org/virtual-treasury/vocabulary#Early-Modern-1500-1749,1615-01-01,1684-07-21,http://www.wikidata.org/entity/Q18759265,https://www.dib.ie/biography/Butler-Elizabeth-a1245,,"England, London"
https://kg.virtualtreasury.ie/person/Tyrrell_Edward_c18/v1zz8d9,Eamonn Tyrrell,https://www.w3id.org/virtual-treasury/ontology#Male,https://www.w3id.org/virtual-treasury/vocabulary#Early-Modern-1500-1749,1650-01-01,1713-05-31,http://www.wikidata.org/entity/Q5345678,https://www.dib.ie/biography/Tyrrell-Edward-a8697,Ireland,
https://kg.virtualtreasury.ie/person/Dering_Edward_c17/v13mnz9,Eamonn Dering,https://www.w3id.org/virtual-treasury/ontology#Male,https://www.w3id.org/virtual-treasury/vocabulary#Early-Modern-1500-1749,1625-11-12,1684-06-24,http://www.wikidata.org/entity/Q7526546,https://www.dib.ie/biography/Dering-Sir-Edward-a2533,"England, Kent","England, London"
https://kg.virtualtreasury.ie/person/Leighton_Ellis_c17/v19c7sd,Elisha Leighton,https://www.w3id.org/virtual-treasury/ontology#Male,https://www.w3id.org/virtual-treasury/vocabulary#Early-Modern-1500-1749,1600-01-01,1685-01-09,,https://www.dib.ie/biography/Leighton-Sir-Ellis-Elisha-a4779,,
https://kg.virtualtreasury.ie/person/Butler_Elizabeth_c17/v1z89hn,Eliza Ormond,https://www.w3id.org/virtual-treasury/ontology#Female,https://www.w3id.org/virtual-treasury/vocabulary#Early-Modern-1500-1749,1615-01-01,1684-07-21,http://www.wikidata.org/entity/Q18759265,https://www.dib.ie/biography/Butler-Elizabeth-a1245,,"England, London"
https://kg.virtualtreasury.ie/person/Butler_Elizabeth_c17/v1z89hn,Eliza fitz Walter,https://www.w3id.org/virtual-treasury/ontology#Female,https://www.w3id.org/virtual-treasury/vocabulary#Early-Modern-1500-1749,1615-01-01,1684-07-21,http://www.wikidata.org/entity/Q18759265,https://www.dib.ie/biography/Butler-Elizabeth-a1245,,"England, London"
https://kg.virtualtreasury.ie/person/Butler_Elizabeth_c17/v1z89hn,Mary Pincerna,https://www.w3id.org/virtual-treasury/ontology#Female,https://www.w3id.org/virtual-treasury/vocabulary#Early-Modern-1500-1749,1615-01-01,1684-07-21,http://www.wikidata.org/entity/Q18759265,https://www.dib.ie/biography/Butler-Elizabeth-a1245,,"England, London"
https://kg.virtualtreasury.ie/person/Butler_Elizabeth_c17/v1z89hn,Eliza Walter,https://www.w3id.org/virtual-treasury/ontology#Female,https://www.w3id.org/virtual-treasury/vocabulary#Early-Modern-1500-1749,1615-01-01,1684-07-21,http://www.wikidata.org/entity/Q18759265,https://www.dib.ie/biography/Butler-Elizabeth-a1245,,"England, London"
https://kg.virtualtreasury.ie/person/Butler_Elizabeth_c17/v1z89hn,Eucharia fitz Walter,https://www.w3id.org/virtual-treasury/ontology#Female,https://www.w3id.org/virtual-treasury/vocabulary#Early-Modern-1500-1749,1615-01-01,1684-07-21,http://www.wikidata.org/entity/Q18759265,https://www.dib.ie/biography/Butler-Elizabeth-a1245,,"England, London"
https://kg.virtualtreasury.ie/person/Lhuyd_Edward_c18/v1w2dr2,Eamonn Lhwyd,https://www.w3id.org/virtual-treasury/ontology#Male,https://www.w3id.org/virtual-treasury/vocabulary#Early-Modern-1500-1749,1660-01-01,1709-06-30,,https://www.dib.ie/biography/Lhuyd-Lhwyd-Lloyd-Edward-a4832,Wales,
https://kg.virtualtreasury.ie/person/Butler_Elizabeth_c17/v1z89hn,Eliza Pincerna,https://www.w3id.org/virtual-treasury/ontology#Female,https://www.w3id.org/virtual-treasury/vocabulary#Early-Modern-1500-1749,1615-01-01,1684-07-21,http://www.wikidata.org/entity/Q18759265,https://www.dib.ie/biography/Butler-Elizabeth-a1245,,"England, London"
https://kg.virtualtreasury.ie/person/Butler_Elizabeth_c17/v1z89hn,Eucharia Walter,https://www.w3id.org/virtual-treasury/ontology#Female,https://www.w3id.org/virtual-treasury/vocabulary#Early-Modern-1500-1749,1615-01-01,1684-07-21,http://www.wikidata.org/entity/Q18759265,https://www.dib.ie/biography/Butler-Elizabeth-a1245,,"England, London"
https://kg.virtualtreasury.ie/person/Hinton_Edward_c18/v19k2dc,James Hinton,https://www.w3id.org/virtual-treasury/ontology#Male,https://www.w3id.org/virtual-treasury/vocabulary#Early-Modern-1500-1749,1643-01-01,1702-12-31,,https://www.dib.ie/biography/Hinton-Edward-a4027,England,
https://kg.virtualtreasury.ie/person/Dering_Edward_c17/v13mnz9,Eamon Dering,https://www.w3id.org/virtual-treasury/ontology#Male,https://www.w3id.org/virtual-treasury/vocabulary#Early-Modern-1500-1749,1625-11-12,1684-06-24,http://www.wikidata.org/entity/Q7526546,https://www.dib.ie/biography/Dering-Sir-Edward-a2533,"England, Kent","England, London"
https://kg.virtualtreasury.ie/person/Tyrrell_Edward_c18/v1zz8d9,James Tyrrell,https://www.w3id.org/virtual-treasury/ontology#Male,https://www.w3id.org/virtual-treasury/vocabulary#Early-Modern-1500-1749,1650-01-01,1713-05-31,http://www.wikidata.org/entity/Q5345678,https://www.dib.ie/biography/Tyrrell-Edward-a8697,Ireland,
https://kg.virtualtreasury.ie/person/Aungier_Francis_c17/v1mj22h,Proinsias Aungier,https://www.w3id.org/virtual-treasury/ontology#Male,https://www.w3id.org/virtual-treasury/vocabulary#Early-Modern-1500-1749,1632-01-01,1700-12-22,http://www.wikidata.org/entity/Q16859371,https://www.dib.ie/biography/Aungier-Francis-a0276,Ireland,
https://kg.virtualtreasury.ie/person/Lhuyd_Edward_c18/v1w2dr2,James Lloyd,https://www.w3id.org/virtual-treasury/ontology#Male,https://www.w3id.org/virtual-treasury/vocabulary#Early-Modern-1500-1749,1660-01-01,1709-06-30,,https://www.dib.ie/biography/Lhuyd-Lhwyd-Lloyd-Edward-a4832,Wales,
https://kg.virtualtreasury.ie/person/Lhuyd_Edward_c18/v1w2dr2,Eamonn Lloyd,https://www.w3id.org/virtual-treasury/ontology#Male,https://www.w3id.org/virtual-treasury/vocabulary#Early-Modern-1500-1749,1660-01-01,1709-06-30,,https://www.dib.ie/biography/Lhuyd-Lhwyd-Lloyd-Edward-a4832,Wales,
https://kg.virtualtreasury.ie/person/Schomberg_Frederick-Herman-von_c17/v1k44dj,Frederick Herman von Schönberg,https://www.w3id.org/virtual-treasury/ontology#Male,https://www.w3id.org/virtual-treasury/vocabulary#Early-Modern-1500-1749,1615-12-06,1690-07-01,http://www.wikidata.org/entity/Q61718,https://www.dib.ie/biography/Schomberg-Schönberg-Frederick-Herman-von-a7946,Germany,"Ireland, Meath"
https://kg.virtualtreasury.ie/person/Clarke_George_c18/v16gr6t,Frederick Crilly,https://www.w3id.org/virtual-treasury/ontology#Male,https://www.w3id.org/virtual-treasury/vocabulary#Early-Modern-1500-1749,1661-05-07,1736-10-26,http://www.wikidata.org/entity/Q5537936,https://www.dib.ie/biography/Clarke-George-a1702,"England, London",
https://kg.virtualtreasury.ie/person/Macartney_George_c17/v1bkq23,Frederick McCartney,https://www.w3id.org/virtual-treasury/ontology#Male,https://www.w3id.org/virtual-treasury/vocabulary#Early-Modern-1500-1749,1626-01-01,1691-05-23,http://www.wikidata.org/entity/Q107349909,https://www.dib.ie/biography/Macartney-McCartney-George-a5099,,"Belfast, Northern Ireland"
https://kg.virtualtreasury.ie/person/Monck_George_c17/v189dhj,Mary Molesworth,https://www.w3id.org/virtual-treasury/ontology#Male,https://www.w3id.org/virtual-treasury/vocabulary#Early-Modern-1500-1749,1608-12-06,1670-01-01,http://www.wikidata.org/entity/Q335106,https://www.dib.ie/biography/Monck-George-a5885,England,England
https://kg.virtualtreasury.ie/person/Brewster_Francis_c17/v1z5b1k,Walter Brewster,https://www.w3id.org/virtual-treasury/ontology#Male,https://www.w3id.org/virtual-treasury/vocabulary#Early-Modern-1500-1749,1640-01-01,1640-12-31,,https://www.dib.ie/biography/Brewster-Sir-Francis-a0953,,
https://kg.virtualtreasury.ie/person/Lane_George_c17/v1x83gy,Frederick Lane,https://www.w3id.org/virtual-treasury/ontology#Male,https://www.w3id.org/virtual-treasury/vocabulary#Early-Modern-1500-1749,1620-01-01,1683-12-11,http://www.wikidata.org/entity/Q5541523,https://www.dib.ie/biography/Lane-George-a4663,"Ireland, Roscommon","Ireland, Lanesborough, Longford"
https://kg.virtualtreasury.ie/person/Macartney_George_c17/v1bkq23,Frederick MacCartney,https://www.w3id.org/virtual-treasury/ontology#Male,https://www.w3id.org/virtual-treasury/vocabulary#Early-Modern-1500-1749,1626-01-01,1691-05-23,http://www.wikidata.org/entity/Q107349909,https://www.dib.ie/biography/Macartney-McCartney-George-a5099,,"Belfast, Northern Ireland"
https://kg.virtualtreasury.ie/person/Moore_Garret_c18/v1kq8h5,Gerard Muir,https://www.w3id.org/virtual-treasury/ontology#Male,https://www.w3id.org/virtual-treasury/vocabulary#Early-Modern-1500-1749,1620-01-01,1706-12-31,http://www.wikidata.org/entity/Q75582740,https://www.dib.ie/biography/Moore-Garret-a5929,,
https://kg.virtualtreasury.ie/person/Monck_George_c17/v189dhj,Chavelita Molesworth,https://www.w3id.org/virtual-treasury/ontology#Male,https://www.w3id.org/virtual-treasury/vocabulary#Early-Modern-1500-1749,1608-12-06,1670-01-01,http://www.wikidata.org/entity/Q335106,https://www.dib.ie/biography/Monck-George-a5885,England,England
https://kg.virtualtreasury.ie/person/Moore_Garret_c18/v1kq8h5,Gerat Muir,https://www.w3id.org/virtual-treasury/ontology#Male,https://www.w3id.org/virtual-treasury/vocabulary#Early-Modern-1500-1749,1620-01-01,1706-12-31,http://www.wikidata.org/entity/Q75582740,https://www.dib.ie/biography/Moore-Garret-a5929,,
https://kg.virtualtreasury.ie/person/Cusack_George_c17/v1g7gh1,Frederick Cusacke,https://www.w3id.org/virtual-treasury/ontology#Male,https://www.w3id.org/virtual-treasury/vocabulary#Early-Modern-1500-1749,1615-01-01,1677-12-31,,https://www.dib.ie/biography/Cusack-George-a2341,,
https://kg.virtualtreasury.ie/person/Lane_George_c17/v1x83gy,Chavelita Lane,https://www.w3id.org/virtual-treasury/ontology#Male,https://www.w3id.org/virtual-treasury/vocabulary#Early-Modern-1500-1749,1620-01-01,1683-12-11,http://www.wikidata.org/entity/Q5541523,https://www.dib.ie/biography/Lane-George-a4663,"Ireland, Roscommon","Ireland, Lanesborough, Longford"
https://kg.virtualtreasury.ie/person/Hamilton_George_c17/v1tj3s9,Chavelita Tighe,https://www.w3id.org/virtual-treasury/ontology#Male,https://www.w3id.org/virtual-treasury/vocabulary#Early-Modern-1500-1749,1635-01-01,1676-03-31,,https://www.dib.ie/biography/Hamilton-Sir-George-a3739,,France
https://kg.virtualtreasury.ie/person/Marsh_Francis_c17/v17y5vy,Proinsias Marsh,https://www.w3id.org/virtual-treasury/ontology#Male,https://www.w3id.org/virtual-treasury/vocabulary#Early-Modern-1500-1749,1626-10-23,1693-11-16,http://www.wikidata.org/entity/Q5481862,https://www.dib.ie/biography/Marsh-Francis-a5457,,
https://kg.virtualtreasury.ie/person/Monck_George_c17/v189dhj,Frederick Monk,https://www.w3id.org/virtual-treasury/ontology#Male,https://www.w3id.org/virtual-treasury/vocabulary#Early-Modern-1500-1749,1608-12-06,1670-01-01,http://www.wikidata.org/entity/Q335106,https://www.dib.ie/biography/Monck-George-a5885,England,England
https://kg.virtualtreasury.ie/person/Hamilton_George_c17/v1tj3s9,Mary Tighe,https://www.w3id.org/virtual-treasury/ontology#Male,https://www.w3id.org/virtual-treasury/vocabulary#Early-Modern-1500-1749,1635-01-01,1676-03-31,,https://www.dib.ie/biography/Hamilton-Sir-George-a3739,,France
https://kg.virtualtreasury.ie/person/Monck_George_c17/v189dhj,Mary Monk,https://www.w3id.org/virtual-treasury/ontology#Male,https://www.w3id.org/virtual-treasury/vocabulary#Early-Modern-1500-1749,1608-12-06,1670-01-01,http://www.wikidata.org/entity/Q335106,https://www.dib.ie/biography/Monck-George-a5885,England,England
https://kg.virtualtreasury.ie/person/Hamilton_George_c17/v1tj3s9,Frederick Tighe,https://www.w3id.org/virtual-treasury/ontology#Male,https://www.w3id.org/virtual-treasury/vocabulary#Early-Modern-1500-1749,1635-01-01,1676-03-31,,https://www.dib.ie/biography/Hamilton-Sir-George-a3739,,France
https://kg.virtualtreasury.ie/person/Macartney_George_c17/v1bkq23,Mary MacCartney,https://www.w3id.org/virtual-treasury/ontology#Male,https://www.w3id.org/virtual-treasury/vocabulary#Early-Modern-1500-1749,1626-01-01,1691-05-23,http://www.wikidata.org/entity/Q107349909,https://www.dib.ie/biography/Macartney-McCartney-George-a5099,,"Belfast, Northern Ireland"
https://kg.virtualtreasury.ie/person/Clarke_George_c18/v16gr6t,Mary Crilly,https://www.w3id.org/virtual-treasury/ontology#Male,https://www.w3id.org/virtual-treasury/vocabulary#Early-Modern-1500-1749,1661-05-07,1736-10-26,http://www.wikidata.org/entity/Q5537936,https://www.dib.ie/biography/Clarke-George-a1702,"England, London",
https://kg.virtualtreasury.ie/person/Moore_Garret_c18/v1kq8h5,Gerald Muir,https://www.w3id.org/virtual-treasury/ontology#Male,https://www.w3id.org/virtual-treasury/vocabulary#Early-Modern-1500-1749,1620-01-01,1706-12-31,http://www.wikidata.org/entity/Q75582740,https://www.dib.ie/biography/Moore-Garret-a5929,,
https://kg.virtualtreasury.ie/person/Macartney_George_c17/v1bkq23,Chavelita MacCartney,https://www.w3id.org/virtual-treasury/ontology#Male,https://www.w3id.org/virtual-treasury/vocabulary#Early-Modern-1500-1749,1626-01-01,1691-05-23,http://www.wikidata.org/entity/Q107349909,https://www.dib.ie/biography/Macartney-McCartney-George-a5099,,"Belfast, Northern Ireland"
https://kg.virtualtreasury.ie/person/Lane_George_c17/v1x83gy,Mary Lane,https://www.w3id.org/virtual-treasury/ontology#Male,https://www.w3id.org/virtual-treasury/vocabulary#Early-Modern-1500-1749,1620-01-01,1683-12-11,http://www.wikidata.org/entity/Q5541523,https://www.dib.ie/biography/Lane-George-a4663,"Ireland, Roscommon","Ireland, Lanesborough, Longford"
https://kg.virtualtreasury.ie/person/Cusack_George_c17/v1g7gh1,Chavelita Cusake,https://www.w3id.org/virtual-treasury/ontology#Male,https://www.w3id.org/virtual-treasury/vocabulary#Early-Modern-1500-1749,1615-01-01,1677-12-31,,https://www.dib.ie/biography/Cusack-George-a2341,,
https://kg.virtualtreasury.ie/person/Cusack_George_c17/v1g7gh1,Frederick Cusake,https://www.w3id.org/virtual-treasury/ontology#Male,https://www.w3id.org/virtual-treasury/vocabulary#Early-Modern-1500-1749,1615-01-01,1677-12-31,,https://www.dib.ie/biography/Cusack-George-a2341,,
https://kg.virtualtreasury.ie/person/Brewster_Francis_c17/v1z5b1k,Proinsias Brewster,https://www.w3id.org/virtual-treasury/ontology#Male,https://www.w3id.org/virtual-treasury/vocabulary#Early-Modern-1500-1749,1640-01-01,1640-12-31,,https://www.dib.ie/biography/Brewster-Sir-Francis-a0953,,
https://kg.virtualtreasury.ie/person/Monck_George_c17/v189dhj,Chavelita Monk,https://www.w3id.org/virtual-treasury/ontology#Male,https://www.w3id.org/virtual-treasury/vocabulary#Early-Modern-1500-1749,1608-12-06,1670-01-01,http://www.wikidata.org/entity/Q335106,https://www.dib.ie/biography/Monck-George-a5885,England,England
https://kg.virtualtreasury.ie/person/Cusack_George_c17/v1g7gh1,Mary Cusake,https://www.w3id.org/virtual-treasury/ontology#Male,https://www.w3id.org/virtual-treasury/vocabulary#Early-Modern-1500-1749,1615-01-01,1677-12-31,,https://www.dib.ie/biography/Cusack-George-a2341,,
https://kg.virtualtreasury.ie/person/Macartney_George_c17/v1bkq23,Mary McCartney,https://www.w3id.org/virtual-treasury/ontology#Male,https://www.w3id.org/virtual-treasury/vocabulary#Early-Modern-1500-1749,1626-01-01,1691-05-23,http://www.wikidata.org/entity/Q107349909,https://www.dib.ie/biography/Macartney-McCartney-George-a5099,,"Belfast, Northern Ireland"
https://kg.virtualtreasury.ie/person/Monck_George_c17/v189dhj,Frederick Molesworth,https://www.w3id.org/virtual-treasury/ontology#Male,https://www.w3id.org/virtual-treasury/vocabulary#Early-Modern-1500-1749,1608-12-06,1670-01-01,http://www.wikidata.org/entity/Q335106,https://www.dib.ie/biography/Monck-George-a5885,England,England
https://kg.virtualtreasury.ie/person/Macartney_George_c17/v1bkq23,Chavelita McCartney,https://www.w3id.org/virtual-treasury/ontology#Male,https://www.w3id.org/virtual-treasury/vocabulary#Early-Modern-1500-1749,1626-01-01,1691-05-23,http://www.wikidata.org/entity/Q107349909,https://www.dib.ie/biography/Macartney-McCartney-George-a5099,,"Belfast, Northern Ireland"
https://kg.virtualtreasury.ie/person/Cusack_George_c17/v1g7gh1,Chavelita Cusacke,https://www.w3id.org/virtual-treasury/ontology#Male,https://www.w3id.org/virtual-treasury/vocabulary#Early-Modern-1500-1749,1615-01-01,1677-12-31,,https://www.dib.ie/biography/Cusack-George-a2341,,
https://kg.virtualtreasury.ie/person/Cusack_George_c17/v1g7gh1,Mary Cusacke,https://www.w3id.org/virtual-treasury/ontology#Male,https://www.w3id.org/virtual-treasury/vocabulary#Early-Modern-1500-1749,1615-01-01,1677-12-31,,https://www.dib.ie/biography/Cusack-George-a2341,,
